Rank,Team,Conf,W-L,AdjEM,AdjO,,AdjD,,AdjT,,Luck,,SOS,,OppO,,OppD,,AdjEM,,,,,,
1,1246,SEC,38-1,36.91,121.3,6,84.4,1,62.4,274,0.048,68,8.58,26,108.7,27,100.1,27,3.13,64,,,,,
2,1458,B10,36-4,33.72,129,1,95.2,35,58.7,345,0.015,146,11.03,4,109.8,9,98.8,7,5.3,29,,,,,
3,1181,ACC,35-4,32.48,124.5,3,92,11,65.8,104,0.067,38,11.17,3,110.7,2,99.5,17,1.31,117,,,,,
4,1112,P12,34-4,32.36,119.9,7,87.5,3,65.8,102,-0.033,258,7.37,45,108.3,38,100.9,49,0.09,157,,,,,
5,1437,BE,33-3,30.65,122.7,4,92,12,64.2,183,0.031,104,7.67,41,108.2,42,100.6,43,0.23,152,,,,,
6,1438,ACC,30-4,30.06,115.6,21,85.5,2,58,349,0.023,128,8.21,32,108.5,31,100.3,37,0.46,142,,,,,
7,1211,WCC,35-3,27.78,121.7,5,93.9,16,64.7,154,0.018,138,4.37,80,107.3,67,102.9,103,3,66,,,,,
8,1428,P12,26-9,27.24,116.4,17,89.2,6,60.5,328,-0.054,301,8.19,33,108.8,26,100.6,44,0.6,138,,,,,
9,1323,ACC,32-6,24.96,125.4,2,100.4,99,63.4,226,0.062,47,7.59,42,107.7,57,100.1,26,-11.62,347,,,,,
10,1314,ACC,26-12,23.85,119.1,11,95.3,37,69.2,16,-0.026,244,12.76,2,111.1,1,98.3,3,7.64,15,,,,,
11,1328,B12,24-11,22.8,112.5,46,89.7,7,66.7,63,-0.045,285,11,5,110.2,8,99.2,9,1.05,123,,,,,
12,1242,B12,27-9,22.72,114.5,27,91.8,9,67,56,0.07,33,13.17,1,110.6,3,97.4,1,9.57,8,,,,,
13,1455,MVC,30-5,22.21,115.8,19,93.6,15,62.3,279,0.022,131,3.24,91,105.5,103,102.3,90,3.44,58,,,,,
14,1124,B12,24-10,22.14,116.6,13,94.5,23,61.5,307,-0.035,268,10.22,13,108.9,22,98.7,6,-0.51,172,,,,,
15,1277,B10,27-12,21.72,116.6,14,94.9,27,63.1,248,-0.017,222,10.49,7,110.3,7,99.8,20,-0.88,184,,,,,
16,1235,B12,25-9,21.49,119,12,97.5,59,69.6,10,0.005,173,10.59,6,109,18,98.5,4,-1.18,192,,,,,
17,1257,ACC,27-9,21.21,110.2,66,88.9,4,64.6,155,0.027,115,9.69,18,109.5,11,99.8,19,-2.36,228,,,,,
18,1320,MVC,31-4,20.98,116.3,18,95.3,36,58.2,348,0.018,140,1.42,116,104.4,137,103,104,0.61,137,,,,,
19,1326,B10,24-11,20.75,115.6,22,94.8,25,65.2,132,-0.043,280,6.76,55,108.1,45,101.4,64,-7.41,334,,,,,
20,1139,BE,23-11,20.09,110.2,64,90.1,8,63.2,243,-0.023,233,9.72,17,110.6,4,100.9,48,0.69,133,,,,,
21,1462,BE,23-14,19.49,116.6,15,97.1,56,65,137,-0.062,317,10.29,10,109.5,12,99.2,10,2.07,94,,,,,
22,1207,BE,22-11,19.13,114.3,29,95.1,33,64,192,0,183,10.23,12,110.5,5,100.3,33,3.24,63,,,,,
23,1234,B10,22-12,19.02,114.2,30,95.1,34,63.7,209,-0.007,203,8.58,25,108.9,21,100.4,38,-1.58,205,,,,,
24,1400,B12,20-14,18.94,112.4,47,93.4,14,62,290,-0.079,329,9.52,20,108.3,33,98.8,8,-2.47,234,,,,,
25,1452,B12,25-10,17.64,112.6,43,94.9,29,67.9,28,0.087,15,9.56,19,108.9,24,99.3,13,-2.65,243,,,,,
26,1374,Amer,27-7,17.51,113.1,37,95.6,40,63.1,250,-0.004,193,2.52,99,105.3,109,102.8,100,0.99,127,,,,,
27,1344,BE,22-12,16.72,112.6,42,95.9,42,65.2,129,0.038,85,10.26,11,109.7,10,99.4,15,2.18,93,,,,,
28,1140,WCC,25-10,16.69,119.4,10,102.7,139,70.4,5,-0.055,307,3.96,83,107,74,103,105,3.78,51,,,,,
29,1116,SEC,27-9,16.44,114.7,26,98.3,67,69.3,13,0.045,72,6.09,64,107.2,71,101.1,59,-3.44,263,,,,,
30,1433,A10,26-10,16.27,111.1,58,94.9,26,66.5,70,0.043,75,6.65,57,107.9,50,101.2,63,8.77,12,,,,,
31,1361,MWC,27-9,15.95,104.9,162,89,5,60.4,333,0.026,118,3.63,85,106.1,86,102.5,96,3.5,57,,,,,
32,1301,ACC,22-14,15.93,114.9,25,98.9,76,64.1,188,-0.003,191,9.84,16,109.3,15,99.5,16,-0.65,179,,,,,
33,1268,B10,28-7,15.68,111.3,56,95.7,41,63.9,199,0.127,2,7.15,48,108.3,37,101.1,57,-3.33,258,,,,,
34,1196,SEC,16-17,15.39,107.3,115,91.9,10,62.7,266,-0.117,347,10.08,14,109.5,13,99.4,14,4.19,43,,,,,
35,1208,SEC,21-12,15.09,109.6,70,94.5,22,64.1,184,0.001,181,8.73,23,108.6,30,99.9,22,1.41,116,,,,,
36,1172,A10,24-8,15,119.7,9,104.7,176,66.7,62,0.056,53,3.16,93,105.3,108,102.2,87,-3.78,274,,,,,
37,1435,SEC,21-14,14.99,115.6,20,100.6,103,63.4,233,-0.11,345,5.49,71,106.1,87,100.6,45,-3.96,281,,,,,
38,1329,B12,18-14,14.92,111.8,51,96.8,53,63.3,238,-0.045,287,10.42,8,108.2,41,97.8,2,-1.65,208,,,,,
39,1390,P12,24-13,14.72,113.6,33,98.9,75,65.2,131,0.006,172,6.86,53,108.2,43,101.4,66,0.79,131,,,,,
40,1417,P12,22-14,14.65,112.9,40,98.2,66,65.8,101,0.032,100,8.4,27,107.9,49,99.5,18,2.63,82,,,,,
41,1274,ACC,25-13,14.49,112.5,44,98.1,64,62.5,272,0.022,129,7,50,107.5,61,100.5,41,-1.99,221,,,,,
42,1173,A10,27-9,14.24,109.2,75,95,30,63.4,229,0.022,132,3.39,88,105.4,107,102,81,0.07,158,,,,,
43,1153,Amer,23-11,14.15,108.2,94,94,17,59.8,339,-0.016,220,3.39,87,104.9,114,101.5,68,1.69,108,,,,,
44,1345,B10,21-13,13.96,110.9,61,97,54,64.3,173,-0.006,201,7.45,44,109,17,101.6,75,-2.75,245,,,,,
45,1332,P12,26-10,13.88,115.2,23,101.3,114,66.6,68,0.119,5,7.28,46,108.4,32,101.1,53,-2.34,227,,,,,
46,1279,SEC,21-13,13.88,114.5,28,100.6,104,66.2,78,-0.033,259,7.1,49,107.3,68,100.2,31,-1.19,193,,,,,
47,1129,MWC,25-9,13.85,111.9,50,98.1,63,62.8,259,0.009,165,0.94,121,104.8,116,103.9,133,-0.31,166,,,,,
48,1231,B10,20-14,13.83,119.8,8,106,200,66.6,69,-0.044,284,6.92,51,107.8,52,100.9,50,-5.96,322,,,,,
49,1261,SEC,22-11,13.76,108.9,81,95.1,32,69.3,12,-0.043,283,5.09,74,106.2,83,101.2,60,-4.77,301,,,,,
50,1385,BE,21-12,13.7,110.7,62,97,55,66.7,61,0.05,65,8.72,24,109,20,100.3,36,-1.5,204,,,,,
51,1372,Slnd,29-5,13.64,113.9,32,100.3,98,65.4,114,0.02,134,-5.56,299,102.2,260,107.7,306,0.63,135,,,,,
52,1278,B10,18-15,13.06,112.7,41,99.7,90,67.3,47,-0.099,343,6.8,54,107,73,100.2,32,-5.45,312,,,,,
53,1393,ACC,18-13,12.78,107,117,94.2,20,65.8,100,-0.025,239,7.16,47,108.3,36,101.1,56,-1.73,210,,,,,
54,1401,SEC,21-12,12.31,109.4,72,97.1,57,63.7,207,-0.01,211,4.9,76,106.5,82,101.6,73,-2.77,246,,,,,
55,1104,SEC,19-15,12.28,111.6,53,99.3,84,62.2,283,-0.032,255,7.98,36,108.2,44,100.3,34,-1.61,206,,,,,
56,1395,B12,18-15,12.25,108.8,83,96.6,49,63.6,215,-0.081,330,5.46,72,106.5,81,101,52,-15.2,351,,,,,
57,1293,OVC,29-6,12.04,116.5,16,104.5,173,66.8,58,0.076,28,-2.61,202,102.8,225,105.4,200,-1.08,189,,,,,
58,1138,MAC,23-10,11.87,111.3,57,99.4,87,68.3,23,0.001,182,1.83,110,106,90,104.2,149,0.81,130,,,,,
59,1350,A10,21-14,11.76,108.6,87,96.8,52,61.8,301,-0.078,328,3.33,90,105.8,94,102.5,94,-0.58,177,,,,,
60,1348,A10,23-10,11.74,103.9,180,92.2,13,66,89,-0.006,200,2.15,104,104.5,128,102.4,93,-2.87,247,,,,,
61,1228,B10,19-14,11.68,108.3,91,96.7,50,64.8,146,-0.026,243,6.59,58,107.8,54,101.2,62,-4.22,287,,,,,
62,1229,MVC,22-13,11.67,107.7,101,96.1,44,64.7,148,-0.05,295,3.2,92,106.1,88,102.9,101,1.9,102,,,,,
63,1376,SEC,17-16,11.32,105.6,145,94.3,21,64.1,187,-0.048,290,8.15,34,108.3,40,100.1,29,0.34,147,,,,,
64,1434,Horz,28-6,11.13,107.4,112,96.3,45,62.3,278,0.053,60,-2.06,191,104.2,153,106.3,242,-3.69,271,,,,,
65,1113,P12,18-16,11.13,109.8,69,98.7,73,65.8,98,-0.035,267,6.57,59,106.7,76,100.2,30,-2.47,233,,,,,
66,1396,Amer,26-11,11.1,105.3,155,94.2,19,65.4,116,0.065,42,2.21,102,104.8,115,102.6,97,0.89,128,,,,,
67,1388,WCC,21-10,10.36,110.9,60,100.6,102,62.6,271,0.027,117,2.32,100,106.7,78,104.3,152,-1.13,190,,,,,
68,1209,SB,25-10,10.32,111.6,52,101.3,112,62.4,275,-0.003,192,-1.47,174,102.4,249,103.9,132,3.63,54,,,,,
69,1203,A10,22-13,10.19,108.4,90,98.2,65,61.9,299,0.009,164,3.34,89,105.7,97,102.4,92,-1.96,220,,,,,
70,1330,CUSA,27-8,10.19,106.5,124,96.3,46,59.9,338,0.047,70,-1.58,181,103.6,187,105.1,187,-1.21,194,,,,,
71,1453,Horz,24-9,10.11,104.7,167,94.6,24,64.9,141,0.031,103,0.01,143,105.4,105,105.4,202,1.78,107,,,,,
72,1161,MWC,27-7,10.01,111.6,54,101.6,118,66.6,64,0.087,16,-0.22,146,103.9,165,104.1,142,-1.63,207,,,,,
73,1163,Amer,20-15,9.98,107.7,102,97.7,60,62.1,287,-0.065,319,3.07,94,104.8,118,101.7,77,4.02,46,,,,,
74,1276,B10,16-16,9.55,110,67,100.5,100,59.7,340,-0.008,206,9.39,21,109.4,14,100,24,0.28,150,,,,,
75,1217,Ivy,22-8,9.23,104.8,165,95.6,39,61.1,317,0.091,13,-0.18,145,104.3,146,104.5,158,0.36,145,,,,,
76,1256,CUSA,27-9,9.18,109,80,99.8,93,67.4,44,0.033,93,-1.56,179,103,216,104.6,161,-3.75,272,,,,,
77,1463,Ivy,22-10,8.78,107.3,114,98.6,71,61.9,298,0.029,113,0.89,128,104.4,133,103.5,117,3.94,49,,,,,
78,1338,ACC,19-15,8.65,113.5,35,104.8,180,60.6,327,0.012,155,6.35,63,107.7,55,101.4,65,-3.79,275,,,,,
79,1166,BE,14-19,8.36,111,59,102.6,138,62.1,286,-0.083,332,7.79,39,107.9,51,100.1,25,-3.41,260,,,,,
80,1141,MAC,23-9,8.23,114.9,24,106.6,217,64.4,171,0.015,144,-1.27,167,104.4,135,105.7,221,-12.27,349,,,,,
81,1243,B12,15-17,8.18,106.6,120,98.4,68,62.1,285,0.01,158,10.32,9,108.9,23,98.6,5,-1.28,197,,,,,
82,1336,B10,18-16,8.08,105.3,156,97.2,58,65.4,119,0.004,176,5.97,65,107.5,63,101.5,69,-5.04,304,,,,,
83,1371,BE,16-15,7.98,109.3,73,101.3,113,65.7,105,0.012,156,8.21,31,108.3,35,100.1,28,-2.53,239,,,,,
84,1155,ACC,16-15,7.82,104.5,169,96.7,51,61.6,305,0.009,162,6.49,61,108.1,47,101.6,74,-3.83,277,,,,,
85,1409,Amer,23-11,7.75,102.6,211,94.9,28,63.9,197,0.096,12,1.82,111,105.3,110,103.5,114,0.61,136,,,,,
86,1210,ACC,19-Dec,7.67,103.7,182,96,43,63.7,210,-0.07,323,8.38,29,109,19,100.6,46,0.43,144,,,,,
87,1272,Amer,18-14,7.51,105.5,149,98,61,66.2,80,-0.033,262,1.21,119,104,161,102.7,99,-1.46,202,,,,,
88,1405,MAC,20-13,7.46,113.3,36,105.8,196,66.4,72,-0.03,251,0.92,125,105.5,102,104.6,165,-0.32,167,,,,,
89,1156,Horz,19-15,7.42,108.3,92,100.9,107,61.1,318,-0.098,341,0.26,137,104.4,140,104.1,144,1.57,111,,,,,
90,1397,SEC,16-16,7.24,109.5,71,102.3,130,60.4,332,0.03,107,8.26,30,108.1,46,99.9,21,0.49,140,,,,,
91,1414,BW,21-13,7.09,106.3,129,99.2,82,63.4,227,-0.022,231,0.9,127,104.7,123,103.8,128,2.29,90,,,,,
92,1160,P12,16-18,7.09,107.5,106,100.5,101,65,138,-0.041,274,5.63,68,107.7,56,102.1,83,-0.94,186,,,,,
93,1266,BE,13-19,6.88,105.3,154,98.5,69,63.7,205,-0.043,279,9.97,15,110.5,6,100.5,40,-1.17,191,,,,,
94,1355,Sum,24-11,6.85,108.8,84,102,128,66.1,87,-0.006,202,-3.73,240,103,217,106.7,261,-1.28,198,,,,,
95,1358,Slnd,26-9,6.84,103.4,190,96.5,48,64.9,142,-0.055,306,-7.28,332,101.4,305,108.6,339,-0.16,162,,,,,
96,1459,SC,28-7,6.72,105.2,158,98.5,70,60.5,331,0.122,3,-3.98,245,104,158,108,318,6.79,18,,,,,
97,1431,CUSA,22-11,6.64,106.2,131,99.6,89,64.7,150,-0.004,195,-1.56,178,103.9,162,105.5,205,0.66,134,,,,,
98,1308,WAC,23-11,6.63,107.4,111,100.8,106,63,254,-0.042,277,-5.37,290,101.1,310,106.5,254,1.78,105,,,,,
99,1199,ACC,17-16,6.37,105.6,144,99.3,83,65.9,93,0.038,87,5.95,66,107.6,59,101.6,76,-4.74,299,,,,,
100,1233,MAAC,26-9,6.18,113.6,34,107.4,230,69.7,9,0.048,69,-2.25,195,102.1,266,104.4,153,1.64,110,,,,,
101,1413,BW,25-7,6.14,112.3,48,106.2,205,62.9,258,0.067,39,-2.3,197,103.3,199,105.6,210,-5.95,321,,,,,
102,1424,MWC,18-15,6.13,107.9,99,101.7,122,65.1,133,-0.029,249,2.73,96,104.5,130,101.8,78,6.77,20,,,,,
103,1247,A10,17-16,6.02,101.3,233,95.3,38,64.1,185,-0.017,224,4.11,82,106.1,89,101.9,80,2.55,84,,,,,
104,1300,MEAC,25-8,6,105.4,153,99.4,86,59.4,342,0.027,116,-9.2,344,98.3,348,107.4,295,3.98,47,,,,,
105,1364,BW,19-14,6,109.3,74,103.3,152,62.6,270,-0.034,264,1.58,112,104.6,124,103.1,106,5,34,,,,,
106,1360,WCC,15-16,5.95,104,178,98,62,62.9,257,-0.076,326,3.73,84,107.4,64,103.7,124,2.66,81,,,,,
107,1333,P12,17-14,5.9,100,255,94.1,18,60.5,329,0.013,149,4.76,78,107.3,69,102.5,95,-5.8,320,,,,,
108,1103,MAC,21-14,5.77,105.1,159,99.4,85,63.6,214,-0.042,275,-0.98,159,104,159,105,179,-7.63,335,,,,,
109,1461,MWC,25-10,5.67,104.8,164,99.1,80,59.1,343,0.083,21,-1.04,161,103,210,104.1,141,-10.31,343,,,,,
110,1130,ACC,13-19,5.61,107.9,98,102.3,132,63.4,231,-0.035,266,8.01,35,108,48,100,23,-4.64,297,,,,,
111,1220,CAA,20-14,5.43,112,49,106.6,216,68.7,19,-0.111,346,-5.12,285,102,273,107.2,279,-7.32,332,,,,,
112,1382,A10,18-13,5.31,105.4,152,100.1,96,64.4,167,0.009,160,0.94,122,104.4,136,103.5,115,-6.08,324,,,,,
113,1143,P12,18-15,5.25,104.2,172,99,79,65.3,123,0.062,48,5.58,69,107.8,53,102.2,89,-3.07,253,,,,,
114,1191,MVC,24-12,5.25,106.6,122,101.3,115,66.2,83,0.039,84,-0.75,156,103.7,182,104.4,157,-5.22,307,,,,,
115,1132,MAC,21-12,5.2,105.9,137,100.7,105,63.7,208,0.006,168,-1.56,180,103.6,184,105.2,192,-5.19,305,,,,,
116,1456,CAA,20-13,5.17,113.9,31,108.8,262,63.9,198,-0.024,238,-0.65,154,103.6,186,104.2,150,6.78,19,,,,,
117,1318,CAA,23-12,5.12,108.3,93,103.1,148,63.3,237,0.025,122,-1.29,168,104.5,132,105.7,226,1.8,104,,,,,
118,1245,MAC,23-12,5.04,107.4,113,102.3,133,61.5,308,0.029,111,-0.47,151,104.4,139,104.8,174,-5.72,318,,,,,
119,1449,P12,16-15,5.04,108.8,82,103.8,161,65.2,127,-0.002,188,4.84,77,105.8,95,101,51,-6.27,328,,,,,
120,1448,ACC,13-19,4.76,106.6,121,101.8,125,68,26,-0.025,240,7.89,38,108.7,28,100.8,47,-2.99,251,,,,,
121,1304,B10,13-18,4.62,99.6,264,95,31,63.3,235,-0.017,223,7.59,43,109.1,16,101.5,70,-3.77,273,,,,,
122,1321,B10,15-17,4.59,107.8,100,103.2,151,59.7,341,0.009,161,6.74,56,108.8,25,102.1,84,-6.17,326,,,,,
123,1436,AE,20-14,4.38,103.3,191,99,78,64.4,170,-0.118,348,-5.7,302,100,332,105.7,224,-0.54,175,,,,,
124,1429,MWC,18-13,4.27,107.5,109,103.2,150,63.5,224,-0.022,232,-0.36,150,103.5,192,103.8,130,-1.26,196,,,,,
125,1269,A10,17-15,4.16,106.5,125,102.3,131,67,53,0.069,35,5.03,75,106.2,85,101.2,61,6.2,24,,,,,
126,1337,WCC,18-14,4.1,100.5,247,96.4,47,63.5,222,0.014,148,1.91,108,106,91,104.1,143,-6.18,327,,,,,
127,1218,BW,22-13,3.73,105.1,160,101.4,117,68.9,18,-0.009,208,-1.97,189,103.3,198,105.2,196,-5.29,308,,,,,
128,1418,SB,22-14,3.59,106,133,102.4,136,69.9,7,-0.055,305,-3.14,218,102,278,105.2,190,-1.43,199,,,,,
129,1184,OVC,21-12,3.46,106.3,130,102.8,145,63.5,223,-0.03,252,-4.84,274,102.3,257,107.1,277,-2.63,242,,,,,
130,1392,AE,23-12,3.35,102.8,206,99.5,88,64.1,186,0.019,137,-3.44,227,101.6,297,105,182,4.1,44,,,,,
131,1107,AE,24-9,3.29,107.2,116,103.9,162,60.8,323,0.054,56,-5.5,297,100.4,325,105.9,229,0.18,154,,,,,
132,1260,MVC,24-13,3.28,105.9,139,102.6,137,61.1,315,0.079,23,-0.36,149,103.3,196,103.7,125,-3.54,266,,,,,
133,1186,BSky,26-9,3.25,112.9,39,109.6,283,68.2,24,0.067,40,-3.75,241,104.2,148,108,317,3.94,48,,,,,
134,1339,WCC,17-16,3.23,109,79,105.8,193,64.2,180,-0.035,269,1.98,107,106.6,80,104.6,163,-4.48,294,,,,,
135,1412,CUSA,20-16,3.06,104.9,163,101.9,126,64.7,151,0.025,119,0.29,136,103.9,163,103.6,121,3.4,61,,,,,
136,1253,BW,16-17,3.05,104,179,100.9,108,65.2,128,0.032,101,6.36,62,107.5,62,101.1,55,15.31,1,,,,,
137,1307,MWC,15-16,2.82,101.6,228,98.7,74,62,289,-0.068,322,0.64,131,104.5,129,103.9,131,-3.48,264,,,,,
138,1185,MAC,21-14,2.69,101.8,225,99.2,81,66,91,-0.001,185,-0.32,147,105.7,98,106,231,-4.35,292,,,,,
139,1120,SEC,15-20,2.45,105.8,141,103.3,153,67.2,48,0.058,50,7.98,37,107.3,70,99.3,12,1.26,119,,,,,
140,1157,BSth,24-10,2.38,106.7,119,104.3,170,64.1,190,0.006,171,-6.45,319,102.2,261,108.6,337,-1.05,187,,,,,
141,1443,CUSA,20-12,2.28,105,161,102.7,140,66.3,75,0.039,81,-1.05,162,103,219,104,140,3.69,53,,,,,
142,1125,OVC,22-11,2.27,110.2,65,107.9,240,66.9,57,0.065,41,-3.33,225,102.4,250,105.7,222,-1.68,209,,,,,
143,1316,ASun,23-12,2.26,108.4,88,106.2,204,67.1,51,-0.022,230,-7.19,331,101,312,108.2,321,2.23,91,,,,,
144,1362,WCC,14-18,2.16,105.7,142,103.5,158,65.5,111,-0.082,331,2.01,105,106.6,79,104.6,164,-3.6,268,,,,,
145,1219,BSth,23-10,2.03,108.4,89,106.4,208,62.2,284,0.103,7,-3.5,231,103.7,176,107.2,282,4.07,45,,,,,
146,1150,CUSA,14-18,1.92,109.9,68,108,245,66.8,59,-0.105,344,0.3,135,103.4,195,103.1,107,4.53,38,,,,,
147,1204,SB,22-9,1.89,100.5,248,98.6,72,63.4,228,0.022,130,-5.07,282,100.9,314,106,230,-8.48,340,,,,,
148,1404,OVC,21-13,1.84,109.2,76,107.3,227,62,292,0.033,94,-2.12,192,103.2,203,105.3,197,-0.59,178,,,,,
149,1145,MAAC,18-15,1.81,103.6,184,101.8,124,63.4,230,-0.049,291,-2.64,205,102,272,104.7,168,0.33,149,,,,,
150,1177,BE,20-Dec,1.77,108.6,86,106.8,219,67,54,-0.001,184,7.69,40,108.3,39,100.6,42,-3.42,261,,,,,
151,1425,P12,20-Dec,1.46,101.6,229,100.1,95,68,25,-0.005,198,5.52,70,107,72,101.5,72,-4.71,298,,,,,
152,1295,Sum,23-10,1.41,103.8,181,102.4,134,60.8,324,0.105,6,-4.21,257,102.9,221,107.1,275,-5.5,314,,,,,
153,1142,BW,13-16,1.24,102.9,203,101.7,120,58.6,346,-0.056,308,2.15,103,105.9,93,103.7,126,6.11,25,,,,,
154,1287,OVC,17-17,0.98,104.1,175,103.1,147,64.9,140,-0.094,339,-2.55,199,103.7,181,106.2,240,1.12,121,,,,,
155,1403,B12,13-19,0.97,102.3,215,101.3,116,61.6,306,-0.016,221,6.91,52,107.4,65,100.5,39,-10.95,345,,,,,
156,1444,MAC,20-14,0.86,108,96,107.1,225,65,136,0.058,52,0.56,132,105.1,111,104.5,160,-2.13,223,,,,,
157,1383,NEC,23-12,0.62,103.6,185,103,146,64.5,165,-0.02,227,-7.43,335,99.9,335,107.3,288,-4.21,286,,,,,
158,1292,CUSA,19-17,0.59,102.3,216,101.7,121,61,320,0.003,179,-0.57,153,103.7,179,104.3,151,1.22,120,,,,,
159,1280,SEC,13-19,0.58,100.7,245,100.1,97,63.8,203,-0.034,263,4.23,81,106.2,84,102,82,-8.42,339,,,,,
160,1343,Ivy,16-14,0.55,107.4,110,106.9,221,64.6,158,-0.032,256,-2.94,210,101.8,283,104.8,173,-4.28,290,,,,,
161,1386,A10,13-18,0.34,100.3,250,100,94,63.3,239,-0.006,199,2.25,101,104.4,138,102.1,85,-2.47,232,,,,,
162,1264,MAAC,19-14,0.31,101.9,224,101.6,119,67.7,30,-0.001,186,-3.59,234,102,275,105.6,219,-0.4,169,,,,,
163,1351,MAAC,21-12,0.17,101.2,237,101,109,64.2,179,0.086,17,-3.44,226,102.1,270,105.5,207,-2.3,225,,,,,
164,1285,BSky,20-13,0.15,106,136,105.8,195,62,294,0.003,178,-4.19,255,104.3,147,108.4,327,5.09,33,,,,,
165,1162,Ivy,13-15,0.12,107.5,107,107.4,229,60.2,336,-0.09,336,-2.22,194,102.2,262,104.4,154,-3.11,254,,,,,
166,1151,SC,22-10,0.09,105.6,146,105.5,188,64.5,162,0.101,9,-6.12,308,102.4,251,108.5,330,-0.75,182,,,,,
167,1324,Horz,16-17,0.06,111.4,55,111.3,309,66.5,71,0.019,135,1.9,109,105.5,104,103.6,120,9.1,11,,,,,
168,1171,Ivy,14-15,-0.67,102,218,102.7,141,63.4,234,-0.027,247,-2.13,193,102.4,248,104.5,159,-3.61,269,,,,,
169,1232,MVC,15-16,-0.7,102.7,210,103.4,154,66.6,65,0.015,145,0.23,138,103.5,193,103.2,109,-4.16,285,,,,,
170,1419,SB,24-14,-0.71,99,270,99.7,91,61.8,302,0.07,34,-2.63,203,102.4,245,105.1,184,2.38,88,,,,,
171,1347,BSth,22-12,-0.77,105.6,147,106.3,207,65,139,0.058,51,-4.69,269,102.6,242,107.2,284,0.34,148,,,,,
172,1236,Sum,16-15,-0.82,107.7,103,108.5,258,64.5,161,-0.051,298,-2.98,211,102.6,240,105.5,209,0.12,156,,,,,
173,1312,ind,21-12,-0.85,105.5,148,106.4,211,66.2,81,0.049,66,-4.15,254,101.9,280,106,234,-4.53,296,,,,,
174,1423,CAA,18-14,-0.9,101.5,230,102.4,135,67.5,37,0.059,49,-1.54,176,104.1,155,105.7,220,2.03,97,,,,,
175,1439,ACC,22-Nov,-0.92,106.3,128,107.2,226,63.6,216,-0.042,278,5.8,67,107.3,66,101.5,71,-11.65,348,,,,,
176,1457,BSth,19-13,-0.94,104.8,166,105.7,191,65.8,103,-0.051,297,-6.86,326,101,311,107.9,311,-3.87,278,,,,,
177,1346,MAAC,15-15,-1.09,103,200,104.1,165,66.3,76,-0.092,337,-4.91,278,100.8,316,105.7,223,-4.85,302,,,,,
178,1319,BSky,23-15,-1.12,102.2,217,103.4,155,64.8,147,0.063,46,-3.88,243,104.7,122,108.6,335,2.99,68,,,,,
179,1296,MAC,14-16,-1.2,102.8,207,104,163,62.5,273,0.005,175,0.46,134,105.6,101,105.1,186,-4.01,283,,,,,
180,1159,Pat,16-17,-1.24,108,97,109.2,271,60.7,325,-0.055,304,-3.48,230,102.8,227,106.3,241,3.71,52,,,,,
181,1367,ASun,24-12,-1.25,103.5,186,104.7,178,63.3,236,-0.025,242,-9.37,346,99.8,336,109.2,349,-7.74,336,,,,,
182,1178,Horz,15-18,-1.34,103.3,192,104.6,175,67.3,45,-0.008,204,0.91,126,106,92,105.1,183,4.35,41,,,,,
183,1284,MAAC,18-15,-1.38,100.8,243,102.1,129,63.6,218,0.012,154,-3.53,233,102.1,271,105.6,217,-3.2,255,,,,,
184,1352,NEC,20-15,-1.39,103.1,197,104.5,172,65.4,118,0.055,54,-4.59,264,102.7,233,107.3,287,2.49,86,,,,,
185,1273,SC,19-16,-1.52,104.5,168,106,201,60.9,321,-0.049,293,-5.49,295,102.1,269,107.6,297,2.33,89,,,,,
186,1450,P12,13-18,-1.67,109.1,77,110.8,298,67.2,49,0.085,18,6.52,60,107.6,58,101.1,54,-1.81,211,,,,,
187,1389,MAAC,16-18,-1.72,100,254,101.7,123,60.2,337,-0.067,320,-4.04,247,101.5,303,105.5,204,-3.4,259,,,,,
188,1110,Pat,17-16,-1.77,102.5,213,104.2,168,56.8,351,0.015,147,-2.32,198,103.7,175,106,235,2.69,78,,,,,
189,1306,AE,19-13,-1.86,100.9,239,102.8,144,63.9,194,-0.027,246,-6.3,314,100.3,328,106.6,260,-3.25,256,,,,,
190,1195,ASun,22-11,-1.92,101.6,227,103.6,159,64.2,176,0.044,73,-6.76,324,102.1,265,108.9,345,1.54,112,,,,,
191,1313,MEAC,20-14,-2.01,105.5,150,107.5,234,64.6,157,0.027,114,-6.2,312,100.2,330,106.4,249,6.54,23,,,,,
192,1281,SEC,23-Sep,-2.09,102,220,104.1,166,62,291,-0.019,225,9.07,22,108.3,34,99.3,11,2.99,67,,,,,
193,1248,Pat,20-13,-2.14,112.9,38,115.1,338,64.6,160,0.097,10,-4.01,246,103,215,107,272,-0.45,170,,,,,
194,1365,WCC,14-18,-2.14,105.9,138,108,246,61.1,316,0.019,136,3.42,86,107,75,103.5,118,-0.33,168,,,,,
195,1149,BSth,19-12,-2.17,107,118,109.2,269,65.2,126,0.053,61,-4.72,271,102.6,236,107.4,292,4.65,37,,,,,
196,1170,BSky,21-12,-2.33,109,78,111.3,310,61.9,297,0.074,30,-6.03,307,103,212,109.1,347,-4.1,284,,,,,
197,1426,SB,16-15,-2.41,103.4,187,105.9,197,69.6,11,0.023,127,-3.22,221,101.5,299,104.8,172,1.46,115,,,,,
198,1353,B10,22-Oct,-2.45,98.7,278,101.1,110,64.9,143,0.037,88,8.39,28,108.6,29,100.3,35,-0.01,159,,,,,
199,1241,CAA,19-14,-2.69,105.5,151,108.2,249,63.9,195,0.103,8,-2.73,206,103.8,172,106.5,256,-2.91,248,,,,,
200,1137,Pat,19-15,-2.8,105.8,140,108.6,259,64.2,175,0.076,27,-3.27,222,103.7,174,107,273,1.96,99,,,,,
201,1250,Pat,16-14,-2.81,99.9,256,102.7,142,66.2,79,0.007,167,-4.12,251,103.2,204,107.3,289,1.01,126,,,,,
202,1165,Ivy,13-17,-2.87,96.9,302,99.7,92,64.2,177,-0.032,254,-1.46,173,102.7,235,104.1,146,-1.89,214,,,,,
203,1201,MWC,15-17,-2.92,102.8,208,105.7,190,64.9,144,0.068,37,1.53,113,103.7,180,102.1,86,-0.26,164,,,,,
204,1102,MWC,14-17,-3.01,108.1,95,111.2,305,61.7,303,-0.065,318,-1.17,164,102.6,238,103.8,127,-11.14,346,,,,,
205,1206,A10,22-Sep,-3.08,102.9,204,106,199,64,191,-0.032,257,4.64,79,105.8,96,101.1,58,2.98,69,,,,,
206,1331,Sum,19-15,-3.17,106.2,132,109.4,274,65.5,112,0.097,11,-1.64,182,102.8,228,104.4,156,2.83,75,,,,,
207,1271,MEAC,18-15,-3.33,104.5,170,107.8,239,64.4,166,0.04,80,-5.65,301,100.5,324,106.2,239,3.39,62,,,,,
208,1200,A10,21-Oct,-3.49,102,219,105.5,186,65.4,115,-0.06,314,2.63,98,104,157,101.4,67,-4.76,300,,,,,
209,1427,CUSA,14-16,-3.59,106.4,126,110,291,65.9,94,-0.051,296,-3.46,229,101.5,298,105,181,-5.67,316,,,,,
210,1349,CUSA,20-Dec,-3.62,102,221,105.6,189,62,296,-0.061,315,-1.32,170,103.6,183,104.9,178,-1.93,218,,,,,
211,1454,Horz,14-16,-3.76,103.1,196,106.9,220,64.4,172,0.043,74,0.89,129,105.6,100,104.7,170,3.08,65,,,,,
212,1205,BSth,20-15,-3.84,107.6,105,111.4,312,67.4,41,0.085,20,-1.92,186,103.9,166,105.8,227,6.81,17,,,,,
213,1411,SWAC,22-13,-3.84,104.1,177,107.9,241,63.3,240,0.128,1,-6.74,323,100,333,106.8,263,15.16,2,,,,,
214,1222,Amer,13-19,-3.85,101.4,232,105.2,184,64.2,182,-0.057,310,-2.75,207,101.8,286,104.6,162,-14.23,350,,,,,
215,1275,MAC,13-19,-4.02,102.5,212,106.6,214,64.6,156,0.009,163,-0.08,144,104.3,145,104.4,155,-5.44,311,,,,,
216,1415,BW,14-17,-4.22,98.5,280,102.8,143,65.3,121,0.013,150,-0.71,155,104.4,134,105.1,188,-3.48,265,,,,,
217,1182,A10,19-Dec,-4.26,108.6,85,112.9,326,67.3,46,-0.015,219,1.03,120,103.7,173,102.7,98,-8.19,337,,,,,
218,1190,SC,16-14,-4.29,103.2,194,107.5,231,67.7,32,0.036,91,-4.13,252,103.2,202,107.3,291,4.74,36,,,,,
219,1377,Sum,17-16,-4.36,103.4,188,107.8,237,65.2,130,0.032,98,-3.12,216,103.1,207,106.3,243,-1.23,195,,,,,
220,1408,Amer,15-16,-4.37,99.8,258,104.2,167,63,255,0.031,102,-1.34,171,102,274,103.4,112,-9.69,342,,,,,
221,1384,NEC,16-16,-4.58,99.8,261,104.4,171,62.7,268,0.018,141,-4.1,249,102,279,106.1,236,3.61,56,,,,,
222,1176,Sum,18-Dec,-4.58,106,134,110.6,295,57.1,350,-0.067,321,-3.73,239,102.8,224,106.6,259,-2.16,224,,,,,
223,1356,MVC,21-Dec,-4.79,98.8,275,103.6,160,62.2,282,-0.054,303,-0.87,157,103,211,103.9,134,-8.22,338,,,,,
224,1187,Amer,14-19,-4.89,103.7,183,108.6,261,61.2,314,-0.002,189,0.04,141,103.2,200,103.2,108,-6.07,323,,,,,
225,1183,OVC,18-15,-4.95,100.3,251,105.2,182,63.2,246,0.119,4,-1.2,165,104.4,141,105.6,213,2.87,72,,,,,
226,1291,NEC,15-15,-4.97,98.5,282,103.4,156,62.4,276,0.04,78,-4.84,273,102,277,106.9,266,5.25,30,,,,,
227,1394,Slnd,20-14,-5.05,100.8,241,105.9,198,62.7,267,0.04,77,-7.36,334,101.3,307,108.6,338,-5.46,313,,,,,
228,1230,Slnd,18-11,-5.06,107.5,108,112.6,322,67.4,39,0.041,76,-6.57,321,101.1,308,107.7,305,5.19,31,,,,,
229,1322,Slnd,19-13,-5.11,112.5,45,117.6,348,73.2,4,0.054,55,-5.2,286,101.7,293,106.9,270,10.52,6,,,,,
230,1402,SB,14-17,-5.2,93.7,326,98.9,77,61.2,312,-0.033,260,-3.05,214,102.5,243,105.6,214,1.05,124,,,,,
231,1225,BSky,13-17,-5.29,107.7,104,112.9,327,67.5,35,-0.07,324,-4.51,263,104.3,144,108.8,343,1.05,125,,,,,
232,1325,MAC,20-Oct,-5.47,103,198,108.5,257,66.4,73,-0.04,272,0.75,130,104.9,113,104.2,147,-4.22,289,,,,,
233,1369,OVC,13-17,-5.54,102.8,205,108.4,254,65.6,110,-0.061,316,-4.11,250,102.4,247,106.5,258,-3.94,280,,,,,
234,1441,SC,15-17,-5.6,101.9,223,107.5,233,65.7,106,0.009,159,-3.3,224,103.8,168,107.1,278,4.95,35,,,,,
235,1114,SB,13-18,-5.63,104.3,171,109.9,288,64.3,174,-0.048,289,-4.76,272,100.6,320,105.4,199,-4.87,303,,,,,
236,1136,NEC,16-15,-5.85,104.1,176,109.9,290,63.1,249,0.064,44,-4.6,265,101.4,304,106,232,2.86,73,,,,,
237,1421,BSth,15-16,-6.14,102.4,214,108.6,260,67.8,29,-0.024,236,-4.43,259,102.8,226,107.2,281,1.11,122,,,,,
238,1357,NEC,15-17,-6.16,103.4,189,109.6,281,68.5,22,-0.013,217,-6.61,322,100.8,315,107.4,294,-3.3,257,,,,,
239,1131,Pat,13-17,-6.29,106.4,127,112.7,324,64.2,181,0.006,169,-3.45,228,102.9,220,106.4,248,1.66,109,,,,,
240,1334,WCC,19-Dec,-6.31,103.1,195,109.5,277,61.4,309,0.052,62,2.88,95,106.7,77,103.8,129,-2.53,238,,,,,
241,1167,WAC,14-19,-6.44,99.7,263,106.2,203,60.5,330,-0.124,349,-6.99,328,99.9,334,106.9,269,-2.96,249,,,,,
242,1221,Pat,14-16,-6.49,101.2,235,107.7,235,63.6,213,0.03,109,-3.91,244,103.2,206,107.1,276,1.85,103,,,,,
243,1460,Horz,20-Nov,-6.53,99,271,105.5,187,63,252,-0.028,248,0.02,142,105.4,106,105.3,198,0.87,129,,,,,
244,1370,WAC,18-16,-6.64,98.3,285,104.9,181,62.3,281,0.016,143,-7.33,333,100.3,326,107.7,301,-5.33,309,,,,,
245,1317,CUSA,14-17,-6.66,98.6,279,105.2,183,65.5,113,0.046,71,-1.29,169,103.8,170,105.1,185,-1.86,212,,,,,
246,1297,ASun,13-17,-6.72,104.2,174,110.9,301,63.6,217,-0.058,311,-5.02,281,103.7,177,108.7,341,2.94,71,,,,,
247,1399,OVC,18-Dec,-6.88,104.2,173,111.1,304,66.2,84,-0.052,299,-3.3,223,102.7,232,106,233,-1.43,200,,,,,
248,1188,OVC,16-Dec,-6.9,97.9,288,104.8,179,66.3,77,-0.043,281,-4.5,262,102.8,229,107.3,286,-5.19,306,,,,,
249,1189,CAA,15-18,-7.23,98.5,281,105.7,192,68,27,0.053,57,-3.2,220,104,160,107.2,280,-4.22,288,,,,,
250,1180,CAA,19-Nov,-7.24,99.3,266,106.5,213,60.7,326,0.003,180,-1.5,175,103.7,178,105.2,195,2.2,92,,,,,
251,1214,MEAC,17-18,-7.4,96.6,303,104,164,69.2,15,0.031,105,-7.48,336,99.5,337,106.9,271,-0.55,176,,,,,
252,1294,BSky,15-15,-7.45,110.4,63,117.9,349,63.2,247,-0.013,216,-6.44,318,102.3,256,108.7,340,-2.53,237,,,,,
253,1119,Pat,15-15,-7.5,100.2,252,107.8,236,69.2,14,0.032,99,-6.16,309,102.3,255,108.4,328,-7.18,331,,,,,
254,1133,MVC,24-Sep,-7.51,93.7,325,101.3,111,62.1,288,-0.043,282,0.92,123,104.9,112,104,137,-3.6,267,,,,,
255,1283,MVC,20-Nov,-7.52,98.9,272,106.5,212,61.3,310,-0.01,212,1.51,114,104.8,119,103.3,110,-1.06,188,,,,,
256,1303,Sum,17-Dec,-7.57,102.9,201,110.5,294,73.4,3,-0.042,276,-5.38,291,101.5,300,106.9,268,-6.69,329,,,,,
257,1123,MAC,23-Jul,-7.65,100.4,249,108,247,63.5,220,-0.13,351,1.38,117,104.8,117,103.4,113,-4.3,291,,,,,
258,1340,BSky,15-14,-7.77,102.9,202,110.7,297,65.9,96,0.071,32,-4.64,266,104.2,150,108.9,344,1.51,114,,,,,
259,1224,MEAC,16-16,-7.91,93.9,324,101.9,127,62.7,264,0.016,142,-6.17,310,100.7,318,106.9,267,2.76,77,,,,,
260,1174,CAA,20-Oct,-7.92,101.7,226,109.6,282,65.3,120,0.024,123,-1.68,184,103.8,167,105.5,206,-0.07,161,,,,,
261,1267,CUSA,21-Nov,-8.05,96.3,307,104.3,169,69.9,8,-0.049,292,-0.99,160,102.6,241,103.5,119,0.23,153,,,,,
262,1175,MEAC,18-18,-8.25,101.5,231,109.7,286,67.1,52,0.063,45,-4.87,276,100.5,323,105.4,201,6.76,21,,,,,
263,1213,WAC,17-15,-8.29,106.5,123,114.8,336,64.5,164,0.021,133,-9.2,345,98.7,344,107.9,314,-7.39,333,,,,,
264,1106,SWAC,19-10,-8.31,97.8,290,106.1,202,67.5,38,0.03,108,-15.38,351,94.7,351,110.1,351,-2.6,241,,,,,
265,1373,MAAC,20-Nov,-8.31,105.7,143,114,331,66,90,-0.01,210,-3.15,219,101.8,282,105,180,-0.81,183,,,,,
266,1451,BSky,13-17,-8.35,99.9,257,108.3,252,62.7,265,0.04,79,-3.71,237,104.1,156,107.8,309,4.19,42,,,,,
267,1406,CAA,20-Dec,-8.38,100.9,240,109.3,273,60.3,334,-0.025,241,-4.15,253,102.1,263,106.3,244,-5.78,319,,,,,
268,1135,Ivy,13-18,-8.42,99.4,265,107.8,238,67.4,40,0.049,67,-1.94,188,102.2,259,104.1,145,-3.82,276,,,,,
269,1169,BW,24-Sep,-8.44,100.8,242,109.2,270,64.8,145,-0.041,273,0.92,124,104.6,125,103.6,122,0.57,139,,,,,
270,1305,MWC,22-Sep,-8.54,97.8,289,106.4,209,63.7,206,-0.083,333,0.53,133,103.8,169,103.3,111,-2.98,250,,,,,
271,1258,WCC,23-Aug,-8.56,103,199,111.6,314,62.3,280,0.024,124,5.36,73,107.5,60,102.2,88,5.16,32,,,,,
272,1198,CUSA,16-17,-8.57,96,310,104.6,174,64.6,159,0.09,14,-3.13,217,101.8,288,104.9,177,-5.58,315,,,,,
273,1464,Horz,21-Nov,-8.93,106,135,114.9,337,67,55,0.013,152,-0.54,152,104.2,152,104.7,171,-1.93,219,,,,,
274,1378,Amer,23-Sep,-9.02,99.2,267,108.3,251,63.7,212,-0.024,237,2,106,104.3,143,102.3,91,-0.91,185,,,,,
275,1179,MVC,22-Sep,-9.03,105.3,157,114.3,333,58.9,344,-0.027,245,2.66,97,104.5,126,101.9,79,2.05,96,,,,,
276,1249,Slnd,15-15,-9.03,100,253,109.1,267,65.9,92,0.03,106,-5.28,288,102.6,237,107.9,313,4.48,39,,,,,
277,1298,Pat,13-19,-9.04,98.9,273,107.9,243,61,319,0.005,174,-4.89,277,103.5,191,108.4,323,-3.04,252,,,,,
278,1380,SWAC,18-17,-9.15,94,322,103.1,149,64.7,153,0.018,139,-8.39,341,99.1,340,107.5,296,10.1,7,,,,,
279,1158,CAA,24-Sep,-9.32,96.1,309,105.5,185,60.8,322,-0.075,325,-1.55,177,104.8,121,106.3,245,1.3,118,,,,,
280,1237,Sum,21-Oct,-9.43,94,321,103.4,157,63.2,244,0.069,36,-1.11,163,104.5,131,105.6,215,3.41,60,,,,,
281,1416,Amer,18-Dec,-9.58,102.7,209,112.3,319,64,193,0.075,29,-1.27,166,102.7,234,104,135,-9.44,341,,,,,
282,1227,Horz,24-Oct,-9.61,101.2,236,110.8,299,64.4,168,-0.009,209,0.1,139,104.8,120,104.7,166,0.49,141,,,,,
283,1111,SB,17-Dec,-9.63,98.3,286,107.9,242,65.3,125,0.074,31,-2.64,204,102.5,244,105.1,189,0.27,151,,,,,
284,1216,AE,14-16,-9.65,97.4,294,107.1,223,63,256,0.076,26,-5.4,292,100.2,329,105.6,216,-1.91,216,,,,,
285,1422,SC,22-Nov,-9.7,99.8,259,109.5,278,65.7,109,-0.125,350,-5.47,294,103,213,108.5,332,-2.42,231,,,,,
286,1282,WAC,14-19,-9.74,98.2,287,107.9,244,63.5,219,-0.014,218,-5.72,303,101.6,295,107.3,290,-0.07,160,,,,,
287,1407,SB,19-Oct,-9.75,99.8,260,109.5,280,64.7,152,-0.054,302,-5.21,287,100.5,322,105.7,225,-10.43,344,,,,,
288,1134,NEC,18-Dec,-9.82,97,299,106.8,218,67.4,43,0.039,83,-5.33,289,101,313,106.3,246,-0.74,181,,,,,
289,1387,A10,21-Nov,-9.85,95.9,311,105.8,194,62.8,261,0.065,43,1.32,118,104.2,151,102.9,102,-5.41,310,,,,,
290,1194,CUSA,20-Sep,-10.28,98.7,277,109,265,63.9,200,-0.053,300,-2.27,196,102.4,246,104.7,169,-2.59,240,,,,,
291,1335,Ivy,19-Sep,-10.46,97.7,291,108.2,250,63.3,241,0.024,125,-0.88,158,103.1,208,104,138,-1.9,215,,,,,
292,1168,BW,22-Sep,-10.62,99.1,269,109.7,284,65.7,107,-0.009,207,-0.35,148,103.3,197,103.7,123,-2.31,226,,,,,
293,1359,SC,13-19,-10.69,102,222,112.6,323,66.1,86,0.01,157,-6.94,327,101.5,301,108.5,329,-6.13,325,,,,,
294,1440,SC,19-Nov,-10.78,98.4,283,109.2,272,76.5,1,-0.05,294,-4.85,275,103,214,107.9,310,0.35,146,,,,,
295,1117,SB,18-Nov,-10.83,96.2,308,107,222,65.7,108,0.023,126,-3.81,242,101.8,289,105.6,218,-3.98,282,,,,,
296,1193,MAAC,24-Jul,-10.9,95.4,314,106.3,206,61.2,313,-0.085,334,-2.99,212,102.6,239,105.6,211,-1.87,213,,,,,
297,1375,SB,21-Dec,-11.28,101,238,112.2,318,68.6,21,0.085,19,-2.6,201,101.4,306,104,136,0.44,143,,,,,
298,1252,ASun,14-17,-11.29,100.7,244,112,316,67.7,31,0.051,63,-4.47,260,103.2,201,107.7,304,1.53,113,,,,,
299,1310,MAAC,22-Aug,-11.41,99.8,262,111.2,307,64.7,149,-0.004,194,-1.99,190,103.2,205,105.2,194,2.77,76,,,,,
300,1270,Slnd,15-16,-11.58,100.6,246,112.1,317,62.8,260,0.035,92,-6.37,317,102.2,258,108.6,336,9.48,9,,,,,
301,1144,BSth,22-Oct,-11.85,97.7,292,109.5,279,61.3,311,-0.089,335,-4.38,258,103.8,171,108.2,320,-0.29,165,,,,,
302,1341,SWAC,15-18,-11.98,97.4,295,109.4,275,68.6,20,0.013,151,-7.75,339,98.4,347,106.2,237,8.65,13,,,,,
303,1262,AE,17-Dec,-12.46,94.1,320,106.6,215,63.7,211,0.077,24,-3.09,215,101.8,285,104.9,175,2.94,70,,,,,
304,1447,NEC,20-Oct,-12.49,98.9,274,111.4,311,67.2,50,-0.013,215,-4.64,267,101.8,284,106.5,253,1.98,98,,,,,
305,1265,MAAC,25-Jul,-12.74,94.6,318,107.4,228,65,135,0.033,97,-2.83,208,102.3,253,105.2,191,-2.36,229,,,,,
306,1368,Slnd,23-Sep,-12.89,95.9,312,108.8,263,66.2,82,-0.098,342,-7.01,329,101.7,292,108.8,342,2.69,79,,,,,
307,1381,BSky,19-Oct,-13.12,98.7,276,111.8,315,67.5,36,0.033,95,-5.57,300,103,218,108.5,333,-0.46,171,,,,,
308,1259,Pat,19-Nov,-13.13,93.2,331,106.4,210,62.7,263,0.08,22,-3.62,235,102.9,222,106.5,255,-0.52,173,,,,,
309,1202,SC,22-Nov,-13.18,98.3,284,111.5,313,62.4,277,-0.024,235,-4.21,256,103.5,194,107.7,300,2.4,87,,,,,
310,1309,Slnd,18-Nov,-13.22,96.9,300,110.2,292,67.6,33,-0.034,265,-6.78,325,101.6,296,108.4,325,11.15,5,,,,,
311,1240,OVC,19-Dec,-13.27,95.2,315,108.4,256,63.1,251,0.053,58,-3.72,238,102.7,230,106.5,252,-3.43,262,,,,,
312,1238,SWAC,21-Nov,-13.5,91.2,339,104.7,177,63.2,245,-0.094,340,-9.78,348,98.7,346,108.5,331,2.54,85,,,,,
313,1226,BSky,23-Jul,-13.77,97.5,293,111.3,308,63.4,232,-0.092,338,-5.46,293,103.5,190,108.9,346,-2.5,235,,,,,
314,1315,BSky,22-Aug,-13.77,96.9,301,110.6,296,67.6,34,-0.031,253,-3.51,232,104.5,127,108,319,5.82,26,,,,,
315,1379,CUSA,20-Sep,-13.78,97.3,298,111,303,62,295,0.038,86,0.08,140,103.6,185,103.5,116,0.77,132,,,,,
316,1255,BSth,23-Nov,-13.8,97.4,297,111.2,306,66.4,74,0.025,121,-4.65,268,103.1,209,107.8,307,-0.67,180,,,,,
317,1122,OVC,22-Aug,-14.2,94.8,317,109,264,66.6,67,-0.004,196,-1.93,187,104.2,149,106.2,238,-0.21,163,,,,,
318,1223,Slnd,16-Dec,-14.21,101.3,234,115.5,339,66.2,85,0.029,110,-4.69,270,102.4,252,107.1,274,3.61,55,,,,,
319,1192,NEC,21-Aug,-15.07,97.4,296,112.5,320,67.4,42,0.053,59,-4.48,261,102.3,254,106.8,264,2.59,83,,,,,
320,1286,BSky,23-Jul,-15.16,95.7,313,110.8,300,65.3,124,-0.056,309,-4.04,248,104.4,142,108.4,326,1.95,100,,,,,
321,1430,WAC,19-Nov,-16.1,92.9,333,109,266,61.9,300,0.007,166,-5.54,298,102.1,267,107.6,299,-0.53,174,,,,,
322,1127,AE,26-Jun,-16.41,94,323,110.4,293,63,253,-0.047,288,-2.91,209,101.8,290,104.7,167,1.78,106,,,,,
323,1442,Sum,20-Aug,-16.66,91.5,338,108.1,248,66.6,66,0.036,90,-2.58,200,104.2,154,106.7,262,-2.1,222,,,,,
324,1115,SWAC,20-Dec,-16.89,92.5,336,109.4,276,63.2,242,0.037,89,-8.36,340,99.3,339,107.7,302,4.44,40,,,,,
325,1164,MEAC,23-Aug,-17.04,99.1,268,116.1,342,73.7,2,-0.008,205,-3.03,213,102.1,264,105.2,193,9.27,10,,,,,
326,1342,BSth,22-Oct,-18.09,96.6,305,114.7,335,62,293,-0.005,197,-3.69,236,103.5,189,107.2,283,3.82,50,,,,,
327,1152,WAC,24-Aug,-18.17,89.3,346,107.5,232,62.6,269,-0.012,214,-1.65,183,103.9,164,105.5,208,6.56,22,,,,,
328,1311,Slnd,19-Oct,-18.36,90,344,108.3,253,66.1,88,0.025,120,-6.23,313,102.9,223,109.1,348,11.17,4,,,,,
329,1154,SC,19-Nov,-18.59,103.2,193,121.8,351,58.6,347,0.077,25,-5.8,304,101.8,287,107.6,298,-2.71,244,,,,,
330,1126,MEAC,21-Nov,-18.66,91.2,340,109.9,287,60.2,335,-0.033,261,-11.26,350,98.7,345,110,350,-6.77,330,,,,,
331,1354,MEAC,22-Nov,-18.69,90.4,343,109.1,268,64.1,189,0.05,64,-6.33,316,100,331,106.4,247,2.84,74,,,,,
332,1288,MEAC,24-Jul,-18.87,94.3,319,113.2,328,64.4,169,0.029,112,-4.98,279,100.6,321,105.6,212,2.66,80,,,,,
333,1251,BSth,24-Aug,-18.87,90.8,342,109.7,285,65.8,97,-0.059,312,-5.83,305,102.7,231,108.6,334,-4.48,293,,,,,
334,1398,OVC,26-May,-18.9,89.5,345,108.4,255,63.5,221,-0.045,286,-1.39,172,103.5,188,104.9,176,2.06,95,,,,,
335,1410,WAC,21-Oct,-18.99,93.5,329,112.5,321,63.9,196,0.033,96,-5.02,280,101.5,302,106.5,257,0.16,155,,,,,
336,1105,SWAC,20-Sep,-19.09,95,316,114.1,332,63.5,225,-0.021,229,-9.62,347,97.8,349,107.4,293,7.67,14,,,,,
337,1299,MEAC,23-Sep,-19.42,93.5,330,112.9,325,61.6,304,-0.038,271,-7.53,337,98.9,342,106.5,251,1.9,101,,,,,
338,1391,ASun,22-Sep,-19.66,96.6,304,116.3,343,65.8,99,0.006,170,-6.52,320,101.8,281,108.4,324,-4.52,295,,,,,
339,1366,MEAC,22-Sep,-19.67,87.4,348,107.1,224,64.5,163,0.013,153,-5.11,284,100.8,317,105.9,228,7.58,16,,,,,
340,1239,ASun,22-Oct,-19.74,96.3,306,116.1,341,63.8,204,-0.023,234,-7.13,330,101.1,309,108.2,322,-5.71,317,,,,,
341,1244,ASun,22-Oct,-20.61,93.7,327,114.3,334,65.1,134,0.039,82,-5.5,296,101.8,291,107.3,285,-2.41,230,,,,,
342,1101,Slnd,21-Oct,-20.63,93.2,332,113.8,330,63.8,202,-0.003,190,-5.96,306,102,276,108,316,-1.93,217,,,,,
343,1420,AE,26-Apr,-20.68,89.2,347,109.9,289,64.2,178,-0.037,270,-5.09,283,100.3,327,105.4,203,-3.66,270,,,,,
344,1148,NEC,26-May,-20.7,92.9,334,113.6,329,62.8,262,-0.012,213,-6.19,311,100.6,319,106.8,265,-3.89,279,,,,,
345,1263,AE,27-Mar,-21.87,93.7,328,115.5,340,65.9,95,-0.02,226,-1.91,185,102.1,268,104,139,3.44,59,,,,,
346,1108,SWAC,26-Jun,-24.34,92.9,335,117.3,347,66.8,60,-0.059,313,-10.18,349,97.5,350,107.7,303,5.37,28,,,,,
347,1363,MWC,28-Feb,-24.59,86.5,349,111,302,63.8,201,-0.03,250,1.45,115,105.6,99,104.2,148,-1.49,203,,,,,
348,1290,SWAC,26-Jun,-25.69,91.6,337,117.3,346,70.1,6,-0.001,187,-7.6,338,98.8,343,106.4,250,5.71,27,,,,,
349,1146,Slnd,27-Feb,-27.67,91,341,118.7,350,69,17,0.004,177,-6.32,315,101.7,294,108,315,-1.45,201,,,,,
350,1197,MEAC,27-Feb,-31.73,85.4,350,117.1,345,65.3,122,-0.02,228,-8.5,342,99.4,338,107.9,312,-2.52,236,,,,,
351,1212,SWAC,27-Feb,-37.65,78.9,351,116.6,344,65.4,117,-0.077,327,-8.68,343,99.1,341,107.8,308,12.83,3,,,,,